,CSR報告超連結
0,https://mops.twse.com.tw/server-java/FileDownLoad?step=9&filePath=/home/html/nas/protect/t100/&fileName=t100sa11_1101_111.pdf
1,https://mops.twse.com.tw/server-java/FileDownLoad?step=9&filePath=/home/html/nas/protect/t100/&fileName=t100sa11_1102_111_M.pdf
2,https://mops.twse.com.tw/server-java/FileDownLoad?step=9&filePath=/home/html/nas/protect/t100/&fileName=t100sa11_1103_111.pdf
3,https://mops.twse.com.tw/server-java/FileDownLoad?step=9&filePath=/home/html/nas/protect/t100/&fileName=t100sa11_1104_111.pdf
4,https://mops.twse.com.tw/server-java/FileDownLoad?step=9&filePath=/home/html/nas/protect/t100/&fileName=t100sa11_1108_111.pdf
5,https://mops.twse.com.tw/server-java/FileDownLoad?step=9&filePath=/home/html/nas/protect/t100/&fileName=t100sa11_1110_111.pdf
6,https://mops.twse.com.tw/server-java/FileDownLoad?step=9&filePath=/home/html/nas/protect/t100/&fileName=t100sa11_1216_111.pdf
7,https://mops.twse.com.tw/server-java/FileDownLoad?step=9&filePath=/home/html/nas/protect/t100/&fileName=t100sa11_1219_111.pdf
8,https://mops.twse.com.tw/server-java/FileDownLoad?step=9&filePath=/home/html/nas/protect/t100/&fileName=t100sa11_1225_111.pdf
9,https://mops.twse.com.tw/server-java/FileDownLoad?step=9&filePath=/home/html/nas/protect/t100/&fileName=t100sa11_1236_111.pdf
10,https://mops.twse.com.tw/server-java/FileDownLoad?step=9&filePath=/home/html/nas/protect/t100/&fileName=t100sa11_1301_111.pdf
11,https://mops.twse.com.tw/server-java/FileDownLoad?step=9&filePath=/home/html/nas/protect/t100/&fileName=t100sa11_1303_111.pdf
12,https://mops.twse.com.tw/server-java/FileDownLoad?step=9&filePath=/home/html/nas/protect/t100/&fileName=t100sa11_1304_111.pdf
13,https://mops.twse.com.tw/server-java/FileDownLoad?step=9&filePath=/home/html/nas/protect/t100/&fileName=t100sa11_1305_111.pdf
14,https://mops.twse.com.tw/server-java/FileDownLoad?step=9&filePath=/home/html/nas/protect/t100/&fileName=t100sa11_1307_111.pdf
15,https://mops.twse.com.tw/server-java/FileDownLoad?step=9&filePath=/home/html/nas/protect/t100/&fileName=t100sa11_1308_111.pdf
16,https://mops.twse.com.tw/server-java/FileDownLoad?step=9&filePath=/home/html/nas/protect/t100/&fileName=t100sa11_1309_111.pdf
17,https://mops.twse.com.tw/server-java/FileDownLoad?step=9&filePath=/home/html/nas/protect/t100/&fileName=t100sa11_1310_111.pdf
18,https://mops.twse.com.tw/server-java/FileDownLoad?step=9&filePath=/home/html/nas/protect/t100/&fileName=t100sa11_1312_111.pdf
19,https://mops.twse.com.tw/server-java/FileDownLoad?step=9&filePath=/home/html/nas/protect/t100/&fileName=t100sa11_1313_111.pdf
20,https://mops.twse.com.tw/server-java/FileDownLoad?step=9&filePath=/home/html/nas/protect/t100/&fileName=t100sa11_1314_111.pdf
21,https://mops.twse.com.tw/server-java/FileDownLoad?step=9&filePath=/home/html/nas/protect/t100/&fileName=t100sa11_1316_111.pdf
22,https://mops.twse.com.tw/server-java/FileDownLoad?step=9&filePath=/home/html/nas/protect/t100/&fileName=t100sa11_1319_111.pdf
23,https://mops.twse.com.tw/server-java/FileDownLoad?step=9&filePath=/home/html/nas/protect/t100/&fileName=t100sa11_1321_111.pdf
24,https://mops.twse.com.tw/server-java/FileDownLoad?step=9&filePath=/home/html/nas/protect/t100/&fileName=t100sa11_1326_111.pdf
25,https://mops.twse.com.tw/server-java/FileDownLoad?step=9&filePath=/home/html/nas/protect/t100/&fileName=t100sa11_1402_111.pdf
26,https://mops.twse.com.tw/server-java/FileDownLoad?step=9&filePath=/home/html/nas/protect/t100/&fileName=t100sa11_1409_111.pdf
27,https://mops.twse.com.tw/server-java/FileDownLoad?step=9&filePath=/home/html/nas/protect/t100/&fileName=t100sa11_1413_111.pdf
28,https://mops.twse.com.tw/server-java/FileDownLoad?step=9&filePath=/home/html/nas/protect/t100/&fileName=t100sa11_1434_111.pdf
29,https://mops.twse.com.tw/server-java/FileDownLoad?step=9&filePath=/home/html/nas/protect/t100/&fileName=t100sa11_1440_111.pdf
30,https://mops.twse.com.tw/server-java/FileDownLoad?step=9&filePath=/home/html/nas/protect/t100/&fileName=t100sa11_1444_111.pdf
31,https://mops.twse.com.tw/server-java/FileDownLoad?step=9&filePath=/home/html/nas/protect/t100/&fileName=t100sa11_1447_111.pdf
32,https://mops.twse.com.tw/server-java/FileDownLoad?step=9&filePath=/home/html/nas/protect/t100/&fileName=t100sa11_1451_111.pdf
33,https://mops.twse.com.tw/server-java/FileDownLoad?step=9&filePath=/home/html/nas/protect/t100/&fileName=t100sa11_1455_111.pdf
34,https://mops.twse.com.tw/server-java/FileDownLoad?step=9&filePath=/home/html/nas/protect/t100/&fileName=t100sa11_1457_111.pdf
35,https://mops.twse.com.tw/server-java/FileDownLoad?step=9&filePath=/home/html/nas/protect/t100/&fileName=t100sa11_1459_111_M.pdf
36,https://mops.twse.com.tw/server-java/FileDownLoad?step=9&filePath=/home/html/nas/protect/t100/&fileName=t100sa11_1460_111.pdf
37,https://mops.twse.com.tw/server-java/FileDownLoad?step=9&filePath=/home/html/nas/protect/t100/&fileName=t100sa11_1464_111.pdf
38,https://mops.twse.com.tw/server-java/FileDownLoad?step=9&filePath=/home/html/nas/protect/t100/&fileName=t100sa11_1466_111.pdf
39,https://mops.twse.com.tw/server-java/FileDownLoad?step=9&filePath=/home/html/nas/protect/t100/&fileName=t100sa11_1503_111.pdf
40,https://mops.twse.com.tw/server-java/FileDownLoad?step=9&filePath=/home/html/nas/protect/t100/&fileName=t100sa11_1504_111.pdf
41,https://mops.twse.com.tw/server-java/FileDownLoad?step=9&filePath=/home/html/nas/protect/t100/&fileName=t100sa11_1506_111.pdf
42,https://mops.twse.com.tw/server-java/FileDownLoad?step=9&filePath=/home/html/nas/protect/t100/&fileName=t100sa11_1513_111.pdf
43,https://mops.twse.com.tw/server-java/FileDownLoad?step=9&filePath=/home/html/nas/protect/t100/&fileName=t100sa11_1515_111.pdf
44,https://mops.twse.com.tw/server-java/FileDownLoad?step=9&filePath=/home/html/nas/protect/t100/&fileName=t100sa11_1522_111.pdf
45,https://mops.twse.com.tw/server-java/FileDownLoad?step=9&filePath=/home/html/nas/protect/t100/&fileName=t100sa11_1525_111.pdf
46,https://mops.twse.com.tw/server-java/FileDownLoad?step=9&filePath=/home/html/nas/protect/t100/&fileName=t100sa11_1526_111.pdf
47,https://mops.twse.com.tw/server-java/FileDownLoad?step=9&filePath=/home/html/nas/protect/t100/&fileName=t100sa11_1532_111_M.pdf
48,https://mops.twse.com.tw/server-java/FileDownLoad?step=9&filePath=/home/html/nas/protect/t100/&fileName=t100sa11_1533_111.pdf
49,https://mops.twse.com.tw/server-java/FileDownLoad?step=9&filePath=/home/html/nas/protect/t100/&fileName=t100sa11_1535_111_M.pdf
50,https://mops.twse.com.tw/server-java/FileDownLoad?step=9&filePath=/home/html/nas/protect/t100/&fileName=t100sa11_1608_111.pdf
51,https://mops.twse.com.tw/server-java/FileDownLoad?step=9&filePath=/home/html/nas/protect/t100/&fileName=t100sa11_1609_111.pdf
52,https://mops.twse.com.tw/server-java/FileDownLoad?step=9&filePath=/home/html/nas/protect/t100/&fileName=t100sa11_1612_111.pdf
53,https://mops.twse.com.tw/server-java/FileDownLoad?step=9&filePath=/home/html/nas/protect/t100/&fileName=t100sa11_1708_111.pdf
54,https://mops.twse.com.tw/server-java/FileDownLoad?step=9&filePath=/home/html/nas/protect/t100/&fileName=t100sa11_1710_111.pdf
55,https://mops.twse.com.tw/server-java/FileDownLoad?step=9&filePath=/home/html/nas/protect/t100/&fileName=t100sa11_1711_111_M.pdf
56,https://mops.twse.com.tw/server-java/FileDownLoad?step=9&filePath=/home/html/nas/protect/t100/&fileName=t100sa11_1713_111.pdf
57,https://mops.twse.com.tw/server-java/FileDownLoad?step=9&filePath=/home/html/nas/protect/t100/&fileName=t100sa11_1717_111.pdf
58,https://mops.twse.com.tw/server-java/FileDownLoad?step=9&filePath=/home/html/nas/protect/t100/&fileName=t100sa11_1723_111.pdf
59,https://mops.twse.com.tw/server-java/FileDownLoad?step=9&filePath=/home/html/nas/protect/t100/&fileName=t100sa11_1727_111.pdf
60,https://mops.twse.com.tw/server-java/FileDownLoad?step=9&filePath=/home/html/nas/protect/t100/&fileName=t100sa11_1732_111.pdf
61,https://mops.twse.com.tw/server-java/FileDownLoad?step=9&filePath=/home/html/nas/protect/t100/&fileName=t100sa11_1733_111.pdf
62,https://mops.twse.com.tw/server-java/FileDownLoad?step=9&filePath=/home/html/nas/protect/t100/&fileName=t100sa11_1736_111_M.pdf
63,https://mops.twse.com.tw/server-java/FileDownLoad?step=9&filePath=/home/html/nas/protect/t100/&fileName=t100sa11_1802_111.pdf
64,https://mops.twse.com.tw/server-java/FileDownLoad?step=9&filePath=/home/html/nas/protect/t100/&fileName=t100sa11_1903_111.pdf
65,https://mops.twse.com.tw/server-java/FileDownLoad?step=9&filePath=/home/html/nas/protect/t100/&fileName=t100sa11_1904_111.pdf
66,https://mops.twse.com.tw/server-java/FileDownLoad?step=9&filePath=/home/html/nas/protect/t100/&fileName=t100sa11_1905_111.pdf
67,https://mops.twse.com.tw/server-java/FileDownLoad?step=9&filePath=/home/html/nas/protect/t100/&fileName=t100sa11_1907_111.pdf
68,https://mops.twse.com.tw/server-java/FileDownLoad?step=9&filePath=/home/html/nas/protect/t100/&fileName=t100sa11_1909_111.pdf
69,https://mops.twse.com.tw/server-java/FileDownLoad?step=9&filePath=/home/html/nas/protect/t100/&fileName=t100sa11_2002_111.pdf
70,https://mops.twse.com.tw/server-java/FileDownLoad?step=9&filePath=/home/html/nas/protect/t100/&fileName=t100sa11_2006_111.pdf
71,https://mops.twse.com.tw/server-java/FileDownLoad?step=9&filePath=/home/html/nas/protect/t100/&fileName=t100sa11_2007_111.pdf
72,https://mops.twse.com.tw/server-java/FileDownLoad?step=9&filePath=/home/html/nas/protect/t100/&fileName=t100sa11_2009_111.pdf
73,https://mops.twse.com.tw/server-java/FileDownLoad?step=9&filePath=/home/html/nas/protect/t100/&fileName=t100sa11_2010_111.pdf
74,https://mops.twse.com.tw/server-java/FileDownLoad?step=9&filePath=/home/html/nas/protect/t100/&fileName=t100sa11_2012_111.pdf
75,https://mops.twse.com.tw/server-java/FileDownLoad?step=9&filePath=/home/html/nas/protect/t100/&fileName=t100sa11_2013_111.pdf
76,https://mops.twse.com.tw/server-java/FileDownLoad?step=9&filePath=/home/html/nas/protect/t100/&fileName=t100sa11_2014_111.pdf
77,https://mops.twse.com.tw/server-java/FileDownLoad?step=9&filePath=/home/html/nas/protect/t100/&fileName=t100sa11_2015_111.pdf
78,https://mops.twse.com.tw/server-java/FileDownLoad?step=9&filePath=/home/html/nas/protect/t100/&fileName=t100sa11_2017_111.pdf
79,https://mops.twse.com.tw/server-java/FileDownLoad?step=9&filePath=/home/html/nas/protect/t100/&fileName=t100sa11_2022_111.pdf
80,https://mops.twse.com.tw/server-java/FileDownLoad?step=9&filePath=/home/html/nas/protect/t100/&fileName=t100sa11_2023_111_M.pdf
81,https://mops.twse.com.tw/server-java/FileDownLoad?step=9&filePath=/home/html/nas/protect/t100/&fileName=t100sa11_2027_111_M.pdf
82,https://mops.twse.com.tw/server-java/FileDownLoad?step=9&filePath=/home/html/nas/protect/t100/&fileName=t100sa11_2028_111.pdf
83,https://mops.twse.com.tw/server-java/FileDownLoad?step=9&filePath=/home/html/nas/protect/t100/&fileName=t100sa11_2029_111.pdf
84,https://mops.twse.com.tw/server-java/FileDownLoad?step=9&filePath=/home/html/nas/protect/t100/&fileName=t100sa11_2030_111.pdf
85,https://mops.twse.com.tw/server-java/FileDownLoad?step=9&filePath=/home/html/nas/protect/t100/&fileName=t100sa11_2031_111.pdf
86,https://mops.twse.com.tw/server-java/FileDownLoad?step=9&filePath=/home/html/nas/protect/t100/&fileName=t100sa11_2049_111_M.pdf
87,https://mops.twse.com.tw/server-java/FileDownLoad?step=9&filePath=/home/html/nas/protect/t100/&fileName=t100sa11_2059_111.pdf
88,https://mops.twse.com.tw/server-java/FileDownLoad?step=9&filePath=/home/html/nas/protect/t100/&fileName=t100sa11_2101_111.pdf
89,https://mops.twse.com.tw/server-java/FileDownLoad?step=9&filePath=/home/html/nas/protect/t100/&fileName=t100sa11_2102_111.pdf
90,https://mops.twse.com.tw/server-java/FileDownLoad?step=9&filePath=/home/html/nas/protect/t100/&fileName=t100sa11_2103_111.pdf
91,https://mops.twse.com.tw/server-java/FileDownLoad?step=9&filePath=/home/html/nas/protect/t100/&fileName=t100sa11_2105_111_M.pdf
92,https://mops.twse.com.tw/server-java/FileDownLoad?step=9&filePath=/home/html/nas/protect/t100/&fileName=t100sa11_2106_111.pdf
93,https://mops.twse.com.tw/server-java/FileDownLoad?step=9&filePath=/home/html/nas/protect/t100/&fileName=t100sa11_2108_111.pdf
94,https://mops.twse.com.tw/server-java/FileDownLoad?step=9&filePath=/home/html/nas/protect/t100/&fileName=t100sa11_2201_111.pdf
95,https://mops.twse.com.tw/server-java/FileDownLoad?step=9&filePath=/home/html/nas/protect/t100/&fileName=t100sa11_2204_111.pdf
96,https://mops.twse.com.tw/server-java/FileDownLoad?step=9&filePath=/home/html/nas/protect/t100/&fileName=t100sa11_2206_111.pdf
97,https://mops.twse.com.tw/server-java/FileDownLoad?step=9&filePath=/home/html/nas/protect/t100/&fileName=t100sa11_2207_111.pdf
98,https://mops.twse.com.tw/server-java/FileDownLoad?step=9&filePath=/home/html/nas/protect/t100/&fileName=t100sa11_2208_111.pdf
99,https://mops.twse.com.tw/server-java/FileDownLoad?step=9&filePath=/home/html/nas/protect/t100/&fileName=t100sa11_2211_111.pdf
100,https://mops.twse.com.tw/server-java/FileDownLoad?step=9&filePath=/home/html/nas/protect/t100/&fileName=t100sa11_2227_111.pdf
101,https://mops.twse.com.tw/server-java/FileDownLoad?step=9&filePath=/home/html/nas/protect/t100/&fileName=t100sa11_2301_111.pdf
102,https://mops.twse.com.tw/server-java/FileDownLoad?step=9&filePath=/home/html/nas/protect/t100/&fileName=t100sa11_2303_111.pdf
103,https://mops.twse.com.tw/server-java/FileDownLoad?step=9&filePath=/home/html/nas/protect/t100/&fileName=t100sa11_2312_111_M.pdf
104,https://mops.twse.com.tw/server-java/FileDownLoad?step=9&filePath=/home/html/nas/protect/t100/&fileName=t100sa11_2313_111.pdf
105,https://mops.twse.com.tw/server-java/FileDownLoad?step=9&filePath=/home/html/nas/protect/t100/&fileName=t100sa11_2314_111.pdf
106,https://mops.twse.com.tw/server-java/FileDownLoad?step=9&filePath=/home/html/nas/protect/t100/&fileName=t100sa11_2317_111.pdf
107,https://mops.twse.com.tw/server-java/FileDownLoad?step=9&filePath=/home/html/nas/protect/t100/&fileName=t100sa11_2323_111.pdf
108,https://mops.twse.com.tw/server-java/FileDownLoad?step=9&filePath=/home/html/nas/protect/t100/&fileName=t100sa11_2324_111.pdf
109,https://mops.twse.com.tw/server-java/FileDownLoad?step=9&filePath=/home/html/nas/protect/t100/&fileName=t100sa11_2328_111.pdf
110,https://mops.twse.com.tw/server-java/FileDownLoad?step=9&filePath=/home/html/nas/protect/t100/&fileName=t100sa11_2329_111.pdf
111,https://mops.twse.com.tw/server-java/FileDownLoad?step=9&filePath=/home/html/nas/protect/t100/&fileName=t100sa11_2330_111.pdf
112,https://mops.twse.com.tw/server-java/FileDownLoad?step=9&filePath=/home/html/nas/protect/t100/&fileName=t100sa11_2331_111.pdf
113,https://mops.twse.com.tw/server-java/FileDownLoad?step=9&filePath=/home/html/nas/protect/t100/&fileName=t100sa11_2332_111.pdf
114,https://mops.twse.com.tw/server-java/FileDownLoad?step=9&filePath=/home/html/nas/protect/t100/&fileName=t100sa11_2337_111.pdf
115,https://mops.twse.com.tw/server-java/FileDownLoad?step=9&filePath=/home/html/nas/protect/t100/&fileName=t100sa11_2344_111.pdf
116,https://mops.twse.com.tw/server-java/FileDownLoad?step=9&filePath=/home/html/nas/protect/t100/&fileName=t100sa11_2345_111.pdf
117,https://mops.twse.com.tw/server-java/FileDownLoad?step=9&filePath=/home/html/nas/protect/t100/&fileName=t100sa11_2349_111.pdf
118,https://mops.twse.com.tw/server-java/FileDownLoad?step=9&filePath=/home/html/nas/protect/t100/&fileName=t100sa11_2352_111.pdf
119,https://mops.twse.com.tw/server-java/FileDownLoad?step=9&filePath=/home/html/nas/protect/t100/&fileName=t100sa11_2353_111_M.pdf
120,https://mops.twse.com.tw/server-java/FileDownLoad?step=9&filePath=/home/html/nas/protect/t100/&fileName=t100sa11_2354_111_M.pdf
121,https://mops.twse.com.tw/server-java/FileDownLoad?step=9&filePath=/home/html/nas/protect/t100/&fileName=t100sa11_2355_111.pdf
122,https://mops.twse.com.tw/server-java/FileDownLoad?step=9&filePath=/home/html/nas/protect/t100/&fileName=t100sa11_2356_111.pdf
123,https://mops.twse.com.tw/server-java/FileDownLoad?step=9&filePath=/home/html/nas/protect/t100/&fileName=t100sa11_2357_111.pdf
124,https://mops.twse.com.tw/server-java/FileDownLoad?step=9&filePath=/home/html/nas/protect/t100/&fileName=t100sa11_2360_111.pdf
125,https://mops.twse.com.tw/server-java/FileDownLoad?step=9&filePath=/home/html/nas/protect/t100/&fileName=t100sa11_2363_111.pdf
126,https://mops.twse.com.tw/server-java/FileDownLoad?step=9&filePath=/home/html/nas/protect/t100/&fileName=t100sa11_2367_111.pdf
127,https://mops.twse.com.tw/server-java/FileDownLoad?step=9&filePath=/home/html/nas/protect/t100/&fileName=t100sa11_2368_111.pdf
128,https://mops.twse.com.tw/server-java/FileDownLoad?step=9&filePath=/home/html/nas/protect/t100/&fileName=t100sa11_2369_111.pdf
129,https://mops.twse.com.tw/server-java/FileDownLoad?step=9&filePath=/home/html/nas/protect/t100/&fileName=t100sa11_2371_111.pdf
130,https://mops.twse.com.tw/server-java/FileDownLoad?step=9&filePath=/home/html/nas/protect/t100/&fileName=t100sa11_2376_111.pdf
131,https://mops.twse.com.tw/server-java/FileDownLoad?step=9&filePath=/home/html/nas/protect/t100/&fileName=t100sa11_2377_111.pdf
132,https://mops.twse.com.tw/server-java/FileDownLoad?step=9&filePath=/home/html/nas/protect/t100/&fileName=t100sa11_2379_111_M.pdf
133,https://mops.twse.com.tw/server-java/FileDownLoad?step=9&filePath=/home/html/nas/protect/t100/&fileName=t100sa11_2382_111.pdf
134,https://mops.twse.com.tw/server-java/FileDownLoad?step=9&filePath=/home/html/nas/protect/t100/&fileName=t100sa11_2383_111_M.pdf
135,https://mops.twse.com.tw/server-java/FileDownLoad?step=9&filePath=/home/html/nas/protect/t100/&fileName=t100sa11_2385_111.pdf
136,https://mops.twse.com.tw/server-java/FileDownLoad?step=9&filePath=/home/html/nas/protect/t100/&fileName=t100sa11_2392_111.pdf
137,https://mops.twse.com.tw/server-java/FileDownLoad?step=9&filePath=/home/html/nas/protect/t100/&fileName=t100sa11_2393_111.pdf
138,https://mops.twse.com.tw/server-java/FileDownLoad?step=9&filePath=/home/html/nas/protect/t100/&fileName=t100sa11_2395_111.pdf
139,https://mops.twse.com.tw/server-java/FileDownLoad?step=9&filePath=/home/html/nas/protect/t100/&fileName=t100sa11_2397_111.pdf
140,https://mops.twse.com.tw/server-java/FileDownLoad?step=9&filePath=/home/html/nas/protect/t100/&fileName=t100sa11_2402_111.pdf
141,https://mops.twse.com.tw/server-java/FileDownLoad?step=9&filePath=/home/html/nas/protect/t100/&fileName=t100sa11_2406_111.pdf
142,https://mops.twse.com.tw/server-java/FileDownLoad?step=9&filePath=/home/html/nas/protect/t100/&fileName=t100sa11_2408_111.pdf
143,https://mops.twse.com.tw/server-java/FileDownLoad?step=9&filePath=/home/html/nas/protect/t100/&fileName=t100sa11_2409_111.pdf
144,https://mops.twse.com.tw/server-java/FileDownLoad?step=9&filePath=/home/html/nas/protect/t100/&fileName=t100sa11_2412_111.pdf
145,https://mops.twse.com.tw/server-java/FileDownLoad?step=9&filePath=/home/html/nas/protect/t100/&fileName=t100sa11_2419_111.pdf
146,https://mops.twse.com.tw/server-java/FileDownLoad?step=9&filePath=/home/html/nas/protect/t100/&fileName=t100sa11_2420_111.pdf
147,https://mops.twse.com.tw/server-java/FileDownLoad?step=9&filePath=/home/html/nas/protect/t100/&fileName=t100sa11_2421_111.pdf
148,https://mops.twse.com.tw/server-java/FileDownLoad?step=9&filePath=/home/html/nas/protect/t100/&fileName=t100sa11_2423_111.pdf
149,https://mops.twse.com.tw/server-java/FileDownLoad?step=9&filePath=/home/html/nas/protect/t100/&fileName=t100sa11_2439_111.pdf
150,https://mops.twse.com.tw/server-java/FileDownLoad?step=9&filePath=/home/html/nas/protect/t100/&fileName=t100sa11_2441_111.pdf
151,https://mops.twse.com.tw/server-java/FileDownLoad?step=9&filePath=/home/html/nas/protect/t100/&fileName=t100sa11_2442_111.pdf
152,https://mops.twse.com.tw/server-java/FileDownLoad?step=9&filePath=/home/html/nas/protect/t100/&fileName=t100sa11_2449_111_M.pdf
153,https://mops.twse.com.tw/server-java/FileDownLoad?step=9&filePath=/home/html/nas/protect/t100/&fileName=t100sa11_2450_111.pdf
154,https://mops.twse.com.tw/server-java/FileDownLoad?step=9&filePath=/home/html/nas/protect/t100/&fileName=t100sa11_2451_111.pdf
155,https://mops.twse.com.tw/server-java/FileDownLoad?step=9&filePath=/home/html/nas/protect/t100/&fileName=t100sa11_2454_111.pdf
156,https://mops.twse.com.tw/server-java/FileDownLoad?step=9&filePath=/home/html/nas/protect/t100/&fileName=t100sa11_2457_111.pdf
157,https://mops.twse.com.tw/server-java/FileDownLoad?step=9&filePath=/home/html/nas/protect/t100/&fileName=t100sa11_2458_111.pdf
158,https://mops.twse.com.tw/server-java/FileDownLoad?step=9&filePath=/home/html/nas/protect/t100/&fileName=t100sa11_2474_111.pdf
159,https://mops.twse.com.tw/server-java/FileDownLoad?step=9&filePath=/home/html/nas/protect/t100/&fileName=t100sa11_2480_111.pdf
160,https://mops.twse.com.tw/server-java/FileDownLoad?step=9&filePath=/home/html/nas/protect/t100/&fileName=t100sa11_2484_111.pdf
161,https://mops.twse.com.tw/server-java/FileDownLoad?step=9&filePath=/home/html/nas/protect/t100/&fileName=t100sa11_2486_111.pdf
162,https://mops.twse.com.tw/server-java/FileDownLoad?step=9&filePath=/home/html/nas/protect/t100/&fileName=t100sa11_2489_111.pdf
163,https://mops.twse.com.tw/server-java/FileDownLoad?step=9&filePath=/home/html/nas/protect/t100/&fileName=t100sa11_2492_111.pdf
164,https://mops.twse.com.tw/server-java/FileDownLoad?step=9&filePath=/home/html/nas/protect/t100/&fileName=t100sa11_2495_111.pdf
165,https://mops.twse.com.tw/server-java/FileDownLoad?step=9&filePath=/home/html/nas/protect/t100/&fileName=t100sa11_2498_111_M.pdf
166,https://mops.twse.com.tw/server-java/FileDownLoad?step=9&filePath=/home/html/nas/protect/t100/&fileName=t100sa11_2504_111.pdf
167,https://mops.twse.com.tw/server-java/FileDownLoad?step=9&filePath=/home/html/nas/protect/t100/&fileName=t100sa11_2505_111.pdf
168,https://mops.twse.com.tw/server-java/FileDownLoad?step=9&filePath=/home/html/nas/protect/t100/&fileName=t100sa11_2506_111.pdf
169,https://mops.twse.com.tw/server-java/FileDownLoad?step=9&filePath=/home/html/nas/protect/t100/&fileName=t100sa11_2520_111.pdf
170,https://mops.twse.com.tw/server-java/FileDownLoad?step=9&filePath=/home/html/nas/protect/t100/&fileName=t100sa11_2530_111.pdf
171,https://mops.twse.com.tw/server-java/FileDownLoad?step=9&filePath=/home/html/nas/protect/t100/&fileName=t100sa11_2534_111.pdf
172,https://mops.twse.com.tw/server-java/FileDownLoad?step=9&filePath=/home/html/nas/protect/t100/&fileName=t100sa11_2535_111.pdf
173,https://mops.twse.com.tw/server-java/FileDownLoad?step=9&filePath=/home/html/nas/protect/t100/&fileName=t100sa11_2539_111.pdf
174,https://mops.twse.com.tw/server-java/FileDownLoad?step=9&filePath=/home/html/nas/protect/t100/&fileName=t100sa11_2546_111.pdf
175,https://mops.twse.com.tw/server-java/FileDownLoad?step=9&filePath=/home/html/nas/protect/t100/&fileName=t100sa11_2547_111.pdf
176,https://mops.twse.com.tw/server-java/FileDownLoad?step=9&filePath=/home/html/nas/protect/t100/&fileName=t100sa11_2548_111.pdf
177,https://mops.twse.com.tw/server-java/FileDownLoad?step=9&filePath=/home/html/nas/protect/t100/&fileName=t100sa11_2601_111.pdf
178,https://mops.twse.com.tw/server-java/FileDownLoad?step=9&filePath=/home/html/nas/protect/t100/&fileName=t100sa11_2603_111_M.pdf
179,https://mops.twse.com.tw/server-java/FileDownLoad?step=9&filePath=/home/html/nas/protect/t100/&fileName=t100sa11_2605_111.pdf
180,https://mops.twse.com.tw/server-java/FileDownLoad?step=9&filePath=/home/html/nas/protect/t100/&fileName=t100sa11_2606_111.pdf
181,https://mops.twse.com.tw/server-java/FileDownLoad?step=9&filePath=/home/html/nas/protect/t100/&fileName=t100sa11_2607_111.pdf
182,https://mops.twse.com.tw/server-java/FileDownLoad?step=9&filePath=/home/html/nas/protect/t100/&fileName=t100sa11_2609_111.pdf
183,https://mops.twse.com.tw/server-java/FileDownLoad?step=9&filePath=/home/html/nas/protect/t100/&fileName=t100sa11_2610_111.pdf
184,https://mops.twse.com.tw/server-java/FileDownLoad?step=9&filePath=/home/html/nas/protect/t100/&fileName=t100sa11_2615_111.pdf
185,https://mops.twse.com.tw/server-java/FileDownLoad?step=9&filePath=/home/html/nas/protect/t100/&fileName=t100sa11_2617_111.pdf
186,https://mops.twse.com.tw/server-java/FileDownLoad?step=9&filePath=/home/html/nas/protect/t100/&fileName=t100sa11_2618_111.pdf
187,https://mops.twse.com.tw/server-java/FileDownLoad?step=9&filePath=/home/html/nas/protect/t100/&fileName=t100sa11_2633_111.pdf
188,https://mops.twse.com.tw/server-java/FileDownLoad?step=9&filePath=/home/html/nas/protect/t100/&fileName=t100sa11_2634_111.pdf
189,https://mops.twse.com.tw/server-java/FileDownLoad?step=9&filePath=/home/html/nas/protect/t100/&fileName=t100sa11_2636_111_M.pdf
190,https://mops.twse.com.tw/server-java/FileDownLoad?step=9&filePath=/home/html/nas/protect/t100/&fileName=t100sa11_2637_111.pdf
191,https://mops.twse.com.tw/server-java/FileDownLoad?step=9&filePath=/home/html/nas/protect/t100/&fileName=t100sa11_2727_111.pdf
192,https://mops.twse.com.tw/server-java/FileDownLoad?step=9&filePath=/home/html/nas/protect/t100/&fileName=t100sa11_2748_111.pdf
193,https://mops.twse.com.tw/server-java/FileDownLoad?step=9&filePath=/home/html/nas/protect/t100/&fileName=t100sa11_2801_111.pdf
194,https://mops.twse.com.tw/server-java/FileDownLoad?step=9&filePath=/home/html/nas/protect/t100/&fileName=t100sa11_2809_111_M.pdf
195,https://mops.twse.com.tw/server-java/FileDownLoad?step=9&filePath=/home/html/nas/protect/t100/&fileName=t100sa11_2812_111.pdf
196,https://mops.twse.com.tw/server-java/FileDownLoad?step=9&filePath=/home/html/nas/protect/t100/&fileName=t100sa11_2816_111_M.pdf
197,https://mops.twse.com.tw/server-java/FileDownLoad?step=9&filePath=/home/html/nas/protect/t100/&fileName=t100sa11_2832_111_M.pdf
198,https://mops.twse.com.tw/server-java/FileDownLoad?step=9&filePath=/home/html/nas/protect/t100/&fileName=t100sa11_2834_111.pdf
199,https://mops.twse.com.tw/server-java/FileDownLoad?step=9&filePath=/home/html/nas/protect/t100/&fileName=t100sa11_2836_111.pdf
200,https://mops.twse.com.tw/server-java/FileDownLoad?step=9&filePath=/home/html/nas/protect/t100/&fileName=t100sa11_2838_111.pdf
201,https://mops.twse.com.tw/server-java/FileDownLoad?step=9&filePath=/home/html/nas/protect/t100/&fileName=t100sa11_2845_111.pdf
202,https://mops.twse.com.tw/server-java/FileDownLoad?step=9&filePath=/home/html/nas/protect/t100/&fileName=t100sa11_2850_111.pdf
203,https://mops.twse.com.tw/server-java/FileDownLoad?step=9&filePath=/home/html/nas/protect/t100/&fileName=t100sa11_2851_111.pdf
204,https://mops.twse.com.tw/server-java/FileDownLoad?step=9&filePath=/home/html/nas/protect/t100/&fileName=t100sa11_2852_111.pdf
205,https://mops.twse.com.tw/server-java/FileDownLoad?step=9&filePath=/home/html/nas/protect/t100/&fileName=t100sa11_2867_111.pdf
206,https://mops.twse.com.tw/server-java/FileDownLoad?step=9&filePath=/home/html/nas/protect/t100/&fileName=t100sa11_2880_111.pdf
207,https://mops.twse.com.tw/server-java/FileDownLoad?step=9&filePath=/home/html/nas/protect/t100/&fileName=t100sa11_2881_111.pdf
208,https://mops.twse.com.tw/server-java/FileDownLoad?step=9&filePath=/home/html/nas/protect/t100/&fileName=t100sa11_2882_111.pdf
209,https://mops.twse.com.tw/server-java/FileDownLoad?step=9&filePath=/home/html/nas/protect/t100/&fileName=t100sa11_2883_111_M.pdf
210,https://mops.twse.com.tw/server-java/FileDownLoad?step=9&filePath=/home/html/nas/protect/t100/&fileName=t100sa11_2884_111.pdf
211,https://mops.twse.com.tw/server-java/FileDownLoad?step=9&filePath=/home/html/nas/protect/t100/&fileName=t100sa11_2885_111.pdf
212,https://mops.twse.com.tw/server-java/FileDownLoad?step=9&filePath=/home/html/nas/protect/t100/&fileName=t100sa11_2886_111.pdf
213,https://mops.twse.com.tw/server-java/FileDownLoad?step=9&filePath=/home/html/nas/protect/t100/&fileName=t100sa11_2887_111.pdf
214,https://mops.twse.com.tw/server-java/FileDownLoad?step=9&filePath=/home/html/nas/protect/t100/&fileName=t100sa11_2888_111.pdf
215,https://mops.twse.com.tw/server-java/FileDownLoad?step=9&filePath=/home/html/nas/protect/t100/&fileName=t100sa11_2890_111.pdf
216,https://mops.twse.com.tw/server-java/FileDownLoad?step=9&filePath=/home/html/nas/protect/t100/&fileName=t100sa11_2891_111_M.pdf
217,https://mops.twse.com.tw/server-java/FileDownLoad?step=9&filePath=/home/html/nas/protect/t100/&fileName=t100sa11_2892_111.pdf
218,https://mops.twse.com.tw/server-java/FileDownLoad?step=9&filePath=/home/html/nas/protect/t100/&fileName=t100sa11_2897_111_M.pdf
219,https://mops.twse.com.tw/server-java/FileDownLoad?step=9&filePath=/home/html/nas/protect/t100/&fileName=t100sa11_2903_111.pdf
220,https://mops.twse.com.tw/server-java/FileDownLoad?step=9&filePath=/home/html/nas/protect/t100/&fileName=t100sa11_2905_111.pdf
221,https://mops.twse.com.tw/server-java/FileDownLoad?step=9&filePath=/home/html/nas/protect/t100/&fileName=t100sa11_2906_111.pdf
222,https://mops.twse.com.tw/server-java/FileDownLoad?step=9&filePath=/home/html/nas/protect/t100/&fileName=t100sa11_2908_111.pdf
223,https://mops.twse.com.tw/server-java/FileDownLoad?step=9&filePath=/home/html/nas/protect/t100/&fileName=t100sa11_2912_111_M.pdf
224,https://mops.twse.com.tw/server-java/FileDownLoad?step=9&filePath=/home/html/nas/protect/t100/&fileName=t100sa11_3005_111.pdf
225,https://mops.twse.com.tw/server-java/FileDownLoad?step=9&filePath=/home/html/nas/protect/t100/&fileName=t100sa11_3006_111.pdf
226,https://mops.twse.com.tw/server-java/FileDownLoad?step=9&filePath=/home/html/nas/protect/t100/&fileName=t100sa11_3010_111.pdf
227,https://mops.twse.com.tw/server-java/FileDownLoad?step=9&filePath=/home/html/nas/protect/t100/&fileName=t100sa11_3016_111_M.pdf
228,https://mops.twse.com.tw/server-java/FileDownLoad?step=9&filePath=/home/html/nas/protect/t100/&fileName=t100sa11_3017_111.pdf
229,https://mops.twse.com.tw/server-java/FileDownLoad?step=9&filePath=/home/html/nas/protect/t100/&fileName=t100sa11_3019_111.pdf
230,https://mops.twse.com.tw/server-java/FileDownLoad?step=9&filePath=/home/html/nas/protect/t100/&fileName=t100sa11_3023_111.pdf
231,https://mops.twse.com.tw/server-java/FileDownLoad?step=9&filePath=/home/html/nas/protect/t100/&fileName=t100sa11_3027_111.pdf
232,https://mops.twse.com.tw/server-java/FileDownLoad?step=9&filePath=/home/html/nas/protect/t100/&fileName=t100sa11_3033_111_M.pdf
233,https://mops.twse.com.tw/server-java/FileDownLoad?step=9&filePath=/home/html/nas/protect/t100/&fileName=t100sa11_3034_111_M.pdf
234,https://mops.twse.com.tw/server-java/FileDownLoad?step=9&filePath=/home/html/nas/protect/t100/&fileName=t100sa11_3035_111.pdf
235,https://mops.twse.com.tw/server-java/FileDownLoad?step=9&filePath=/home/html/nas/protect/t100/&fileName=t100sa11_3036_111_M.pdf
236,https://mops.twse.com.tw/server-java/FileDownLoad?step=9&filePath=/home/html/nas/protect/t100/&fileName=t100sa11_3037_111.pdf
237,https://mops.twse.com.tw/server-java/FileDownLoad?step=9&filePath=/home/html/nas/protect/t100/&fileName=t100sa11_3042_111.pdf
238,https://mops.twse.com.tw/server-java/FileDownLoad?step=9&filePath=/home/html/nas/protect/t100/&fileName=t100sa11_3044_111_M.pdf
239,https://mops.twse.com.tw/server-java/FileDownLoad?step=9&filePath=/home/html/nas/protect/t100/&fileName=t100sa11_3045_111.pdf
240,https://mops.twse.com.tw/server-java/FileDownLoad?step=9&filePath=/home/html/nas/protect/t100/&fileName=t100sa11_3048_111_M.pdf
241,https://mops.twse.com.tw/server-java/FileDownLoad?step=9&filePath=/home/html/nas/protect/t100/&fileName=t100sa11_3049_111.pdf
242,https://mops.twse.com.tw/server-java/FileDownLoad?step=9&filePath=/home/html/nas/protect/t100/&fileName=t100sa11_3056_111.pdf
243,https://mops.twse.com.tw/server-java/FileDownLoad?step=9&filePath=/home/html/nas/protect/t100/&fileName=t100sa11_3062_111.pdf
244,https://mops.twse.com.tw/server-java/FileDownLoad?step=9&filePath=/home/html/nas/protect/t100/&fileName=t100sa11_3094_111.pdf
245,https://mops.twse.com.tw/server-java/FileDownLoad?step=9&filePath=/home/html/nas/protect/t100/&fileName=t100sa11_3130_111.pdf
246,https://mops.twse.com.tw/server-java/FileDownLoad?step=9&filePath=/home/html/nas/protect/t100/&fileName=t100sa11_3138_111_M.pdf
247,https://mops.twse.com.tw/server-java/FileDownLoad?step=9&filePath=/home/html/nas/protect/t100/&fileName=t100sa11_3189_111.pdf
248,https://mops.twse.com.tw/server-java/FileDownLoad?step=9&filePath=/home/html/nas/protect/t100/&fileName=t100sa11_3209_111.pdf
249,https://mops.twse.com.tw/server-java/FileDownLoad?step=9&filePath=/home/html/nas/protect/t100/&fileName=t100sa11_3231_111.pdf
250,https://mops.twse.com.tw/server-java/FileDownLoad?step=9&filePath=/home/html/nas/protect/t100/&fileName=t100sa11_3376_111.pdf
251,https://mops.twse.com.tw/server-java/FileDownLoad?step=9&filePath=/home/html/nas/protect/t100/&fileName=t100sa11_3380_111.pdf
252,https://mops.twse.com.tw/server-java/FileDownLoad?step=9&filePath=/home/html/nas/protect/t100/&fileName=t100sa11_3416_111.pdf
253,https://mops.twse.com.tw/server-java/FileDownLoad?step=9&filePath=/home/html/nas/protect/t100/&fileName=t100sa11_3481_111.pdf
254,https://mops.twse.com.tw/server-java/FileDownLoad?step=9&filePath=/home/html/nas/protect/t100/&fileName=t100sa11_3532_111.pdf
255,https://mops.twse.com.tw/server-java/FileDownLoad?step=9&filePath=/home/html/nas/protect/t100/&fileName=t100sa11_3533_111.pdf
256,https://mops.twse.com.tw/server-java/FileDownLoad?step=9&filePath=/home/html/nas/protect/t100/&fileName=t100sa11_3545_111.pdf
257,https://mops.twse.com.tw/server-java/FileDownLoad?step=9&filePath=/home/html/nas/protect/t100/&fileName=t100sa11_3576_111.pdf
258,https://mops.twse.com.tw/server-java/FileDownLoad?step=9&filePath=/home/html/nas/protect/t100/&fileName=t100sa11_3592_111.pdf
259,https://mops.twse.com.tw/server-java/FileDownLoad?step=9&filePath=/home/html/nas/protect/t100/&fileName=t100sa11_3596_111.pdf
260,https://mops.twse.com.tw/server-java/FileDownLoad?step=9&filePath=/home/html/nas/protect/t100/&fileName=t100sa11_3665_111.pdf
261,https://mops.twse.com.tw/server-java/FileDownLoad?step=9&filePath=/home/html/nas/protect/t100/&fileName=t100sa11_3682_111.pdf
262,https://mops.twse.com.tw/server-java/FileDownLoad?step=9&filePath=/home/html/nas/protect/t100/&fileName=t100sa11_3702_111_M.pdf
263,https://mops.twse.com.tw/server-java/FileDownLoad?step=9&filePath=/home/html/nas/protect/t100/&fileName=t100sa11_3703_111.pdf
264,https://mops.twse.com.tw/server-java/FileDownLoad?step=9&filePath=/home/html/nas/protect/t100/&fileName=t100sa11_3704_111.pdf
265,https://mops.twse.com.tw/server-java/FileDownLoad?step=9&filePath=/home/html/nas/protect/t100/&fileName=t100sa11_3706_111.pdf
266,https://mops.twse.com.tw/server-java/FileDownLoad?step=9&filePath=/home/html/nas/protect/t100/&fileName=t100sa11_3708_111.pdf
267,https://mops.twse.com.tw/server-java/FileDownLoad?step=9&filePath=/home/html/nas/protect/t100/&fileName=t100sa11_3712_111.pdf
268,https://mops.twse.com.tw/server-java/FileDownLoad?step=9&filePath=/home/html/nas/protect/t100/&fileName=t100sa11_3714_111.pdf
269,https://mops.twse.com.tw/server-java/FileDownLoad?step=9&filePath=/home/html/nas/protect/t100/&fileName=t100sa11_4164_111.pdf
270,https://mops.twse.com.tw/server-java/FileDownLoad?step=9&filePath=/home/html/nas/protect/t100/&fileName=t100sa11_4306_111.pdf
271,https://mops.twse.com.tw/server-java/FileDownLoad?step=9&filePath=/home/html/nas/protect/t100/&fileName=t100sa11_4414_111.pdf
272,https://mops.twse.com.tw/server-java/FileDownLoad?step=9&filePath=/home/html/nas/protect/t100/&fileName=t100sa11_4526_111.pdf
273,https://mops.twse.com.tw/server-java/FileDownLoad?step=9&filePath=/home/html/nas/protect/t100/&fileName=t100sa11_4532_111.pdf
274,https://mops.twse.com.tw/server-java/FileDownLoad?step=9&filePath=/home/html/nas/protect/t100/&fileName=t100sa11_4576_111.pdf
275,https://mops.twse.com.tw/server-java/FileDownLoad?step=9&filePath=/home/html/nas/protect/t100/&fileName=t100sa11_4755_111.pdf
276,https://mops.twse.com.tw/server-java/FileDownLoad?step=9&filePath=/home/html/nas/protect/t100/&fileName=t100sa11_4770_111.pdf
277,https://mops.twse.com.tw/server-java/FileDownLoad?step=9&filePath=/home/html/nas/protect/t100/&fileName=t100sa11_4904_111.pdf
278,https://mops.twse.com.tw/server-java/FileDownLoad?step=9&filePath=/home/html/nas/protect/t100/&fileName=t100sa11_4906_111.pdf
279,https://mops.twse.com.tw/server-java/FileDownLoad?step=9&filePath=/home/html/nas/protect/t100/&fileName=t100sa11_4915_111.pdf
280,https://mops.twse.com.tw/server-java/FileDownLoad?step=9&filePath=/home/html/nas/protect/t100/&fileName=t100sa11_4919_111.pdf
281,https://mops.twse.com.tw/server-java/FileDownLoad?step=9&filePath=/home/html/nas/protect/t100/&fileName=t100sa11_4927_111.pdf
282,https://mops.twse.com.tw/server-java/FileDownLoad?step=9&filePath=/home/html/nas/protect/t100/&fileName=t100sa11_4938_111.pdf
283,https://mops.twse.com.tw/server-java/FileDownLoad?step=9&filePath=/home/html/nas/protect/t100/&fileName=t100sa11_4958_111.pdf
284,https://mops.twse.com.tw/server-java/FileDownLoad?step=9&filePath=/home/html/nas/protect/t100/&fileName=t100sa11_4961_111.pdf
285,https://mops.twse.com.tw/server-java/FileDownLoad?step=9&filePath=/home/html/nas/protect/t100/&fileName=t100sa11_4968_111.pdf
286,https://mops.twse.com.tw/server-java/FileDownLoad?step=9&filePath=/home/html/nas/protect/t100/&fileName=t100sa11_5285_111.pdf
287,https://mops.twse.com.tw/server-java/FileDownLoad?step=9&filePath=/home/html/nas/protect/t100/&fileName=t100sa11_5288_111.pdf
288,https://mops.twse.com.tw/server-java/FileDownLoad?step=9&filePath=/home/html/nas/protect/t100/&fileName=t100sa11_5434_111_M.pdf
289,https://mops.twse.com.tw/server-java/FileDownLoad?step=9&filePath=/home/html/nas/protect/t100/&fileName=t100sa11_5469_111.pdf
290,https://mops.twse.com.tw/server-java/FileDownLoad?step=9&filePath=/home/html/nas/protect/t100/&fileName=t100sa11_5471_111.pdf
291,https://mops.twse.com.tw/server-java/FileDownLoad?step=9&filePath=/home/html/nas/protect/t100/&fileName=t100sa11_5515_111.pdf
292,https://mops.twse.com.tw/server-java/FileDownLoad?step=9&filePath=/home/html/nas/protect/t100/&fileName=t100sa11_5521_111.pdf
293,https://mops.twse.com.tw/server-java/FileDownLoad?step=9&filePath=/home/html/nas/protect/t100/&fileName=t100sa11_5522_111.pdf
294,https://mops.twse.com.tw/server-java/FileDownLoad?step=9&filePath=/home/html/nas/protect/t100/&fileName=t100sa11_5531_111.pdf
295,https://mops.twse.com.tw/server-java/FileDownLoad?step=9&filePath=/home/html/nas/protect/t100/&fileName=t100sa11_5608_111_M.pdf
296,https://mops.twse.com.tw/server-java/FileDownLoad?step=9&filePath=/home/html/nas/protect/t100/&fileName=t100sa11_5871_111.pdf
297,https://mops.twse.com.tw/server-java/FileDownLoad?step=9&filePath=/home/html/nas/protect/t100/&fileName=t100sa11_5876_111.pdf
298,https://mops.twse.com.tw/server-java/FileDownLoad?step=9&filePath=/home/html/nas/protect/t100/&fileName=t100sa11_5880_111.pdf
299,https://mops.twse.com.tw/server-java/FileDownLoad?step=9&filePath=/home/html/nas/protect/t100/&fileName=t100sa11_6112_111.pdf
300,https://mops.twse.com.tw/server-java/FileDownLoad?step=9&filePath=/home/html/nas/protect/t100/&fileName=t100sa11_6116_111.pdf
301,https://mops.twse.com.tw/server-java/FileDownLoad?step=9&filePath=/home/html/nas/protect/t100/&fileName=t100sa11_6120_111.pdf
302,https://mops.twse.com.tw/server-java/FileDownLoad?step=9&filePath=/home/html/nas/protect/t100/&fileName=t100sa11_6139_111.pdf
303,https://mops.twse.com.tw/server-java/FileDownLoad?step=9&filePath=/home/html/nas/protect/t100/&fileName=t100sa11_6153_111.pdf
304,https://mops.twse.com.tw/server-java/FileDownLoad?step=9&filePath=/home/html/nas/protect/t100/&fileName=t100sa11_6168_111.pdf
305,https://mops.twse.com.tw/server-java/FileDownLoad?step=9&filePath=/home/html/nas/protect/t100/&fileName=t100sa11_6176_111.pdf
306,https://mops.twse.com.tw/server-java/FileDownLoad?step=9&filePath=/home/html/nas/protect/t100/&fileName=t100sa11_6177_111.pdf
307,https://mops.twse.com.tw/server-java/FileDownLoad?step=9&filePath=/home/html/nas/protect/t100/&fileName=t100sa11_6189_111_M.pdf
308,https://mops.twse.com.tw/server-java/FileDownLoad?step=9&filePath=/home/html/nas/protect/t100/&fileName=t100sa11_6191_111.pdf
309,https://mops.twse.com.tw/server-java/FileDownLoad?step=9&filePath=/home/html/nas/protect/t100/&fileName=t100sa11_6196_111_M.pdf
310,https://mops.twse.com.tw/server-java/FileDownLoad?step=9&filePath=/home/html/nas/protect/t100/&fileName=t100sa11_6202_111.pdf
311,https://mops.twse.com.tw/server-java/FileDownLoad?step=9&filePath=/home/html/nas/protect/t100/&fileName=t100sa11_6206_111_M.pdf
312,https://mops.twse.com.tw/server-java/FileDownLoad?step=9&filePath=/home/html/nas/protect/t100/&fileName=t100sa11_6213_111.pdf
313,https://mops.twse.com.tw/server-java/FileDownLoad?step=9&filePath=/home/html/nas/protect/t100/&fileName=t100sa11_6214_111.pdf
314,https://mops.twse.com.tw/server-java/FileDownLoad?step=9&filePath=/home/html/nas/protect/t100/&fileName=t100sa11_6215_111.pdf
315,https://mops.twse.com.tw/server-java/FileDownLoad?step=9&filePath=/home/html/nas/protect/t100/&fileName=t100sa11_6239_111_M.pdf
316,https://mops.twse.com.tw/server-java/FileDownLoad?step=9&filePath=/home/html/nas/protect/t100/&fileName=t100sa11_6257_111.pdf
317,https://mops.twse.com.tw/server-java/FileDownLoad?step=9&filePath=/home/html/nas/protect/t100/&fileName=t100sa11_6269_111.pdf
318,https://mops.twse.com.tw/server-java/FileDownLoad?step=9&filePath=/home/html/nas/protect/t100/&fileName=t100sa11_6278_111.pdf
319,https://mops.twse.com.tw/server-java/FileDownLoad?step=9&filePath=/home/html/nas/protect/t100/&fileName=t100sa11_6282_111.pdf
320,https://mops.twse.com.tw/server-java/FileDownLoad?step=9&filePath=/home/html/nas/protect/t100/&fileName=t100sa11_6285_111.pdf
321,https://mops.twse.com.tw/server-java/FileDownLoad?step=9&filePath=/home/html/nas/protect/t100/&fileName=t100sa11_6288_111.pdf
322,https://mops.twse.com.tw/server-java/FileDownLoad?step=9&filePath=/home/html/nas/protect/t100/&fileName=t100sa11_6409_111.pdf
323,https://mops.twse.com.tw/server-java/FileDownLoad?step=9&filePath=/home/html/nas/protect/t100/&fileName=t100sa11_6412_111.pdf
324,https://mops.twse.com.tw/server-java/FileDownLoad?step=9&filePath=/home/html/nas/protect/t100/&fileName=t100sa11_6414_111.pdf
325,https://mops.twse.com.tw/server-java/FileDownLoad?step=9&filePath=/home/html/nas/protect/t100/&fileName=t100sa11_6442_111.pdf
326,https://mops.twse.com.tw/server-java/FileDownLoad?step=9&filePath=/home/html/nas/protect/t100/&fileName=t100sa11_6456_111.pdf
327,https://mops.twse.com.tw/server-java/FileDownLoad?step=9&filePath=/home/html/nas/protect/t100/&fileName=t100sa11_6505_111.pdf
328,https://mops.twse.com.tw/server-java/FileDownLoad?step=9&filePath=/home/html/nas/protect/t100/&fileName=t100sa11_6531_111.pdf
329,https://mops.twse.com.tw/server-java/FileDownLoad?step=9&filePath=/home/html/nas/protect/t100/&fileName=t100sa11_6573_111.pdf
330,https://mops.twse.com.tw/server-java/FileDownLoad?step=9&filePath=/home/html/nas/protect/t100/&fileName=t100sa11_6579_111.pdf
331,https://mops.twse.com.tw/server-java/FileDownLoad?step=9&filePath=/home/html/nas/protect/t100/&fileName=t100sa11_6592_111.pdf
332,https://mops.twse.com.tw/server-java/FileDownLoad?step=9&filePath=/home/html/nas/protect/t100/&fileName=t100sa11_6669_111.pdf
333,https://mops.twse.com.tw/server-java/FileDownLoad?step=9&filePath=/home/html/nas/protect/t100/&fileName=t100sa11_6689_111.pdf
334,https://mops.twse.com.tw/server-java/FileDownLoad?step=9&filePath=/home/html/nas/protect/t100/&fileName=t100sa11_6754_111.pdf
335,https://mops.twse.com.tw/server-java/FileDownLoad?step=9&filePath=/home/html/nas/protect/t100/&fileName=t100sa11_6770_111.pdf
336,https://mops.twse.com.tw/server-java/FileDownLoad?step=9&filePath=/home/html/nas/protect/t100/&fileName=t100sa11_6789_111.pdf
337,https://mops.twse.com.tw/server-java/FileDownLoad?step=9&filePath=/home/html/nas/protect/t100/&fileName=t100sa11_6790_111.pdf
338,https://mops.twse.com.tw/server-java/FileDownLoad?step=9&filePath=/home/html/nas/protect/t100/&fileName=t100sa11_6806_111.pdf
339,https://mops.twse.com.tw/server-java/FileDownLoad?step=9&filePath=/home/html/nas/protect/t100/&fileName=t100sa11_6873_111.pdf
340,https://mops.twse.com.tw/server-java/FileDownLoad?step=9&filePath=/home/html/nas/protect/t100/&fileName=t100sa11_8021_111.pdf
341,https://mops.twse.com.tw/server-java/FileDownLoad?step=9&filePath=/home/html/nas/protect/t100/&fileName=t100sa11_8028_111.pdf
342,https://mops.twse.com.tw/server-java/FileDownLoad?step=9&filePath=/home/html/nas/protect/t100/&fileName=t100sa11_8039_111.pdf
343,https://mops.twse.com.tw/server-java/FileDownLoad?step=9&filePath=/home/html/nas/protect/t100/&fileName=t100sa11_8046_111.pdf
344,https://mops.twse.com.tw/server-java/FileDownLoad?step=9&filePath=/home/html/nas/protect/t100/&fileName=t100sa11_8105_111.pdf
345,https://mops.twse.com.tw/server-java/FileDownLoad?step=9&filePath=/home/html/nas/protect/t100/&fileName=t100sa11_8110_111.pdf
346,https://mops.twse.com.tw/server-java/FileDownLoad?step=9&filePath=/home/html/nas/protect/t100/&fileName=t100sa11_8131_111.pdf
347,https://mops.twse.com.tw/server-java/FileDownLoad?step=9&filePath=/home/html/nas/protect/t100/&fileName=t100sa11_8150_111_M.pdf
348,https://mops.twse.com.tw/server-java/FileDownLoad?step=9&filePath=/home/html/nas/protect/t100/&fileName=t100sa11_8163_111.pdf
349,https://mops.twse.com.tw/server-java/FileDownLoad?step=9&filePath=/home/html/nas/protect/t100/&fileName=t100sa11_8201_111.pdf
350,https://mops.twse.com.tw/server-java/FileDownLoad?step=9&filePath=/home/html/nas/protect/t100/&fileName=t100sa11_8210_111.pdf
351,https://mops.twse.com.tw/server-java/FileDownLoad?step=9&filePath=/home/html/nas/protect/t100/&fileName=t100sa11_8215_111.pdf
352,https://mops.twse.com.tw/server-java/FileDownLoad?step=9&filePath=/home/html/nas/protect/t100/&fileName=t100sa11_8271_111.pdf
353,https://mops.twse.com.tw/server-java/FileDownLoad?step=9&filePath=/home/html/nas/protect/t100/&fileName=t100sa11_8341_111.pdf
354,https://mops.twse.com.tw/server-java/FileDownLoad?step=9&filePath=/home/html/nas/protect/t100/&fileName=t100sa11_8367_111.pdf
355,https://mops.twse.com.tw/server-java/FileDownLoad?step=9&filePath=/home/html/nas/protect/t100/&fileName=t100sa11_8404_111_M.pdf
356,https://mops.twse.com.tw/server-java/FileDownLoad?step=9&filePath=/home/html/nas/protect/t100/&fileName=t100sa11_8411_111.pdf
357,https://mops.twse.com.tw/server-java/FileDownLoad?step=9&filePath=/home/html/nas/protect/t100/&fileName=t100sa11_8454_111.pdf
358,https://mops.twse.com.tw/server-java/FileDownLoad?step=9&filePath=/home/html/nas/protect/t100/&fileName=t100sa11_8926_111.pdf
359,https://mops.twse.com.tw/server-java/FileDownLoad?step=9&filePath=/home/html/nas/protect/t100/&fileName=t100sa11_8996_111.pdf
360,https://mops.twse.com.tw/server-java/FileDownLoad?step=9&filePath=/home/html/nas/protect/t100/&fileName=t100sa11_9904_111.pdf
361,https://mops.twse.com.tw/server-java/FileDownLoad?step=9&filePath=/home/html/nas/protect/t100/&fileName=t100sa11_9905_111.pdf
362,https://mops.twse.com.tw/server-java/FileDownLoad?step=9&filePath=/home/html/nas/protect/t100/&fileName=t100sa11_9907_111.pdf
363,https://mops.twse.com.tw/server-java/FileDownLoad?step=9&filePath=/home/html/nas/protect/t100/&fileName=t100sa11_9908_111_M.pdf
364,https://mops.twse.com.tw/server-java/FileDownLoad?step=9&filePath=/home/html/nas/protect/t100/&fileName=t100sa11_9910_111.pdf
365,https://mops.twse.com.tw/server-java/FileDownLoad?step=9&filePath=/home/html/nas/protect/t100/&fileName=t100sa11_9911_111.pdf
366,https://mops.twse.com.tw/server-java/FileDownLoad?step=9&filePath=/home/html/nas/protect/t100/&fileName=t100sa11_9925_111.pdf
367,https://mops.twse.com.tw/server-java/FileDownLoad?step=9&filePath=/home/html/nas/protect/t100/&fileName=t100sa11_9926_111.pdf
368,https://mops.twse.com.tw/server-java/FileDownLoad?step=9&filePath=/home/html/nas/protect/t100/&fileName=t100sa11_9930_111.pdf
369,https://mops.twse.com.tw/server-java/FileDownLoad?step=9&filePath=/home/html/nas/protect/t100/&fileName=t100sa11_9933_111.pdf
370,https://mops.twse.com.tw/server-java/FileDownLoad?step=9&filePath=/home/html/nas/protect/t100/&fileName=t100sa11_9938_111.pdf
371,https://mops.twse.com.tw/server-java/FileDownLoad?step=9&filePath=/home/html/nas/protect/t100/&fileName=t100sa11_9939_111.pdf
372,https://mops.twse.com.tw/server-java/FileDownLoad?step=9&filePath=/home/html/nas/protect/t100/&fileName=t100sa11_9940_111.pdf
373,https://mops.twse.com.tw/server-java/FileDownLoad?step=9&filePath=/home/html/nas/protect/t100/&fileName=t100sa11_9941_111.pdf
374,https://mops.twse.com.tw/server-java/FileDownLoad?step=9&filePath=/home/html/nas/protect/t100/&fileName=t100sa11_9945_111.pdf
375,https://mops.twse.com.tw/server-java/FileDownLoad?step=9&filePath=/home/html/nas/protect/t100/&fileName=t100sa11_9958_111.pdf
